SEASON,FPI_DATE,TEAM,FPI,FPI_RANK
2005,1/5/2006 4:00,Air Force,-1.849909279,73
2005,1/5/2006 4:00,Akron,-8.714571861,92
2005,1/5/2006 4:00,Alabama,14.27415436,16
2005,1/5/2006 4:00,Arizona,4.934474755,44
2005,1/5/2006 4:00,Arizona State,14.2399263,17
2005,1/5/2006 4:00,Arkansas,6.10547458,41
2005,1/5/2006 4:00,Arkansas State,-13.85515085,103
2005,1/5/2006 4:00,Army,-10.786298,96
2005,1/5/2006 4:00,Auburn,16.79830009,10
2005,1/5/2006 4:00,Ball State,-15.06306889,104
2005,1/5/2006 4:00,Baylor,-3.011964944,76
2005,1/5/2006 4:00,Boise State,6.798205788,38
2005,1/5/2006 4:00,Boston College,11.88029275,23
2005,1/5/2006 4:00,Bowling Green,-1.285502915,69
2005,1/5/2006 4:00,Brigham Young,4.380371864,46
2005,1/5/2006 4:00,Buffalo,-23.3830447,118
2005,1/5/2006 4:00,California,14.02273383,19
2005,1/5/2006 4:00,Central Michigan,-7.511733341,90
2005,1/5/2006 4:00,Cincinnati,-10.26208141,95
2005,1/5/2006 4:00,Clemson,10.6234914,27
2005,1/5/2006 4:00,Colorado,6.311930213,40
2005,1/5/2006 4:00,Colorado State,-3.216631571,78
2005,1/5/2006 4:00,Connecticut,0.963364522,63
2005,1/5/2006 4:00,Duke,-13.22872442,102
2005,1/5/2006 4:00,East Carolina,-6.791773588,88
2005,1/5/2006 4:00,Eastern Michigan,-12.37137438,100
2005,1/5/2006 4:00,Florida,15.06220262,15
2005,1/5/2006 4:00,Florida Atlantic,-21.92265314,115
2005,1/5/2006 4:00,Florida International,-17.42517996,112
2005,1/5/2006 4:00,Florida State,11.89849307,22
2005,1/5/2006 4:00,Fresno State,10.18569025,29
2005,1/5/2006 4:00,Georgia,16.91647709,9
2005,1/5/2006 4:00,Georgia Tech,6.708675075,39
2005,1/5/2006 4:00,Hawaii,-6.604472689,87
2005,1/5/2006 4:00,Houston,-3.194386125,77
2005,1/5/2006 4:00,Idaho,-18.77895232,114
2005,1/5/2006 4:00,Illinois,-11.02170036,97
2005,1/5/2006 4:00,Indiana,-6.594822822,86
2005,1/5/2006 4:00,Iowa,14.05489056,18
2005,1/5/2006 4:00,Iowa State,7.799040329,35
2005,1/5/2006 4:00,Kansas,3.419032407,52
2005,1/5/2006 4:00,Kansas State,-1.381070118,70
2005,1/5/2006 4:00,Kent State,-17.28081043,111
2005,1/5/2006 4:00,Kentucky,-8.775698619,93
2005,1/5/2006 4:00,LSU,16.55337362,11
2005,1/5/2006 4:00,Louisiana Tech,-3.925239465,79
2005,1/5/2006 4:00,Louisiana-Lafayette,-11.30580884,98
2005,1/5/2006 4:00,Louisiana-Monroe,-17.05656765,109
2005,1/5/2006 4:00,Louisville,17.4595156,6
2005,1/5/2006 4:00,Marshall,-11.70759237,99
2005,1/5/2006 4:00,Maryland,4.597942548,45
2005,1/5/2006 4:00,Memphis,-1.786998406,72
2005,1/5/2006 4:00,Miami (FL),17.03628125,8
2005,1/5/2006 4:00,Miami (OH),1.428996446,61
2005,1/5/2006 4:00,Michigan,16.10576241,13
2005,1/5/2006 4:00,Michigan State,10.05757322,30
2005,1/5/2006 4:00,Middle Tennessee,-8.255435555,91
2005,1/5/2006 4:00,Minnesota,13.05949681,20
2005,1/5/2006 4:00,Mississippi State,-5.109194709,80
2005,1/5/2006 4:00,Missouri,3.346466464,54
2005,1/5/2006 4:00,Navy,-1.228839195,68
2005,1/5/2006 4:00,Nebraska,4.316804333,47
2005,1/5/2006 4:00,Nevada,-5.979298885,84
2005,1/5/2006 4:00,New Mexico,-0.75808565,67
2005,1/5/2006 4:00,New Mexico State,-22.4244596,117
2005,1/5/2006 4:00,North Carolina,2.087153422,57
2005,1/5/2006 4:00,North Carolina State,6.896278564,37
2005,1/5/2006 4:00,North Texas,-22.27075322,116
2005,1/5/2006 4:00,Northern Illinois,1.610310172,60
2005,1/5/2006 4:00,Northwestern,5.500603336,43
2005,1/5/2006 4:00,Notre Dame,17.32655418,7
2005,1/5/2006 4:00,Ohio,-15.15157542,105
2005,1/5/2006 4:00,Ohio State,24.03277493,3
2005,1/5/2006 4:00,Oklahoma,10.68890248,26
2005,1/5/2006 4:00,Oklahoma State,-5.487610958,82
2005,1/5/2006 4:00,Ole Miss,-5.227988063,81
2005,1/5/2006 4:00,Oregon,15.75765362,14
2005,1/5/2006 4:00,Oregon State,2.517256378,55
2005,1/5/2006 4:00,Penn State,20.1697835,5
2005,1/5/2006 4:00,Pittsburgh,3.376678176,53
2005,1/5/2006 4:00,Purdue,10.27446749,28
2005,1/5/2006 4:00,Rice,-15.47327947,107
2005,1/5/2006 4:00,Rutgers,0.981008037,62
2005,1/5/2006 4:00,San Diego State,0.157190231,65
2005,1/5/2006 4:00,San Jose State,-17.12358791,110
2005,1/5/2006 4:00,South Carolina,3.904479037,51
2005,1/5/2006 4:00,South Florida,5.615879997,42
2005,1/5/2006 4:00,Southern Methodist,-7.397389736,89
2005,1/5/2006 4:00,Southern Miss,0.475236449,64
2005,1/5/2006 4:00,Stanford,4.107351081,50
2005,1/5/2006 4:00,Syracuse,-6.579545511,85
2005,1/5/2006 4:00,TCU,9.567864501,31
2005,1/5/2006 4:00,Temple,-26.03638456,119
2005,1/5/2006 4:00,Tennessee,8.043746535,32
2005,1/5/2006 4:00,Texas,32.75100901,1
2005,1/5/2006 4:00,Texas A&M,7.874366241,33
2005,1/5/2006 4:00,Texas Tech,16.4040982,12
2005,1/5/2006 4:00,Toledo,1.967118493,58
2005,1/5/2006 4:00,Troy,-15.15852771,106
2005,1/5/2006 4:00,Tulane,-12.68658313,101
2005,1/5/2006 4:00,Tulsa,4.195810289,49
2005,1/5/2006 4:00,UAB,-2.569610896,75
2005,1/5/2006 4:00,UCF,-5.845407901,83
2005,1/5/2006 4:00,UCLA,11.0923593,25
2005,1/5/2006 4:00,UNLV,-15.52268665,108
2005,1/5/2006 4:00,USC,31.38634477,2
2005,1/5/2006 4:00,UTEP,-2.129831998,74
2005,1/5/2006 4:00,Utah,4.263091312,48
2005,1/5/2006 4:00,Utah State,-18.41643194,113
2005,1/5/2006 4:00,Vanderbilt,-0.186597737,66
2005,1/5/2006 4:00,Virginia,7.844972575,34
2005,1/5/2006 4:00,Virginia Tech,22.88958631,4
2005,1/5/2006 4:00,Wake Forest,1.881602187,59
2005,1/5/2006 4:00,Washington,2.166905617,56
2005,1/5/2006 4:00,Washington State,7.45377947,36
2005,1/5/2006 4:00,West Virginia,12.14181229,21
2005,1/5/2006 4:00,Western Michigan,-9.889332655,94
2005,1/5/2006 4:00,Wisconsin,11.83981607,24
2005,1/5/2006 4:00,Wyoming,-1.684026107,71
2005,1/5/2006 4:00,NON-FBS TEAMS,-23.26728912,
2006,1/9/2007 4:00,Air Force,-2.385993584,68
2006,1/9/2007 4:00,Akron,-6.20336959,87
2006,1/9/2007 4:00,Alabama,8.064591689,37
2006,1/9/2007 4:00,Arizona,4.897550092,46
2006,1/9/2007 4:00,Arizona State,6.745183469,41
2006,1/9/2007 4:00,Arkansas,14.30278793,12
2006,1/9/2007 4:00,Arkansas State,-14.13756265,110
2006,1/9/2007 4:00,Army,-9.914217404,99
2006,1/9/2007 4:00,Auburn,14.04077751,13
2006,1/9/2007 4:00,Ball State,-5.249372617,80
2006,1/9/2007 4:00,Baylor,-5.137172351,78
2006,1/9/2007 4:00,Boise State,12.09699247,21
2006,1/9/2007 4:00,Boston College,10.43909967,25
2006,1/9/2007 4:00,Bowling Green,-10.9643926,102
2006,1/9/2007 4:00,Brigham Young,16.311979,10
2006,1/9/2007 4:00,Buffalo,-20.26332461,116
2006,1/9/2007 4:00,California,17.09778258,9
2006,1/9/2007 4:00,Central Michigan,0.804929659,61
2006,1/9/2007 4:00,Cincinnati,4.337594911,48
2006,1/9/2007 4:00,Clemson,13.50865343,16
2006,1/9/2007 4:00,Colorado,-3.89265789,72
2006,1/9/2007 4:00,Colorado State,-7.507382709,90
2006,1/9/2007 4:00,Connecticut,-2.299730366,67
2006,1/9/2007 4:00,Duke,-13.75206971,109
2006,1/9/2007 4:00,East Carolina,-1.782986322,66
2006,1/9/2007 4:00,Eastern Michigan,-14.88534477,111
2006,1/9/2007 4:00,Florida,20.0835157,6
2006,1/9/2007 4:00,Florida Atlantic,-15.34807888,112
2006,1/9/2007 4:00,Florida International,-19.05516261,114
2006,1/9/2007 4:00,Florida State,9.582144953,29
2006,1/9/2007 4:00,Fresno State,-6.050571174,86
2006,1/9/2007 4:00,Georgia,9.182377687,31
2006,1/9/2007 4:00,Georgia Tech,8.747480348,33
2006,1/9/2007 4:00,Hawaii,10.46947193,24
2006,1/9/2007 4:00,Houston,4.304401167,49
2006,1/9/2007 4:00,Idaho,-20.07985174,115
2006,1/9/2007 4:00,Illinois,-4.032499425,74
2006,1/9/2007 4:00,Indiana,-4.879908795,77
2006,1/9/2007 4:00,Iowa,7.569683026,39
2006,1/9/2007 4:00,Iowa State,-5.360747536,81
2006,1/9/2007 4:00,Kansas,1.581071301,58
2006,1/9/2007 4:00,Kansas State,1.548126554,59
2006,1/9/2007 4:00,Kent State,-9.260826882,98
2006,1/9/2007 4:00,Kentucky,1.933301401,56
2006,1/9/2007 4:00,LSU,22.1644961,3
2006,1/9/2007 4:00,Louisiana Tech,-21.30430955,117
2006,1/9/2007 4:00,Louisiana-Lafayette,-11.16404263,103
2006,1/9/2007 4:00,Louisiana-Monroe,-9.209990797,96
2006,1/9/2007 4:00,Louisville,20.82089454,4
2006,1/9/2007 4:00,Marshall,-6.493049803,88
2006,1/9/2007 4:00,Maryland,2.72346665,53
2006,1/9/2007 4:00,Memphis,-10.1482881,101
2006,1/9/2007 4:00,Miami (FL),6.992134928,40
2006,1/9/2007 4:00,Miami (OH),-11.47225487,104
2006,1/9/2007 4:00,Michigan,18.33644592,7
2006,1/9/2007 4:00,Michigan State,2.100206082,55
2006,1/9/2007 4:00,Middle Tennessee,-5.922143343,85
2006,1/9/2007 4:00,Minnesota,6.428903649,43
2006,1/9/2007 4:00,Mississippi State,-2.964220482,70
2006,1/9/2007 4:00,Missouri,10.50207489,23
2006,1/9/2007 4:00,Navy,1.867005207,57
2006,1/9/2007 4:00,Nebraska,13.83757036,14
2006,1/9/2007 4:00,Nevada,2.643220356,54
2006,1/9/2007 4:00,New Mexico,-5.764186227,83
2006,1/9/2007 4:00,New Mexico State,-13.628321,108
2006,1/9/2007 4:00,North Carolina,-5.749223402,82
2006,1/9/2007 4:00,North Carolina State,-1.480281695,65
2006,1/9/2007 4:00,North Texas,-18.20160876,113
2006,1/9/2007 4:00,Northern Illinois,-1.011600513,64
2006,1/9/2007 4:00,Northwestern,-5.920208964,84
2006,1/9/2007 4:00,Notre Dame,13.16465474,18
2006,1/9/2007 4:00,Ohio,-3.979934446,73
2006,1/9/2007 4:00,Ohio State,24.44616589,1
2006,1/9/2007 4:00,Oklahoma,15.56646631,11
2006,1/9/2007 4:00,Oklahoma State,9.072753779,32
2006,1/9/2007 4:00,Ole Miss,-4.491568454,76
2006,1/9/2007 4:00,Oregon,8.663968441,34
2006,1/9/2007 4:00,Oregon State,8.528618362,35
2006,1/9/2007 4:00,Penn State,10.32952957,27
2006,1/9/2007 4:00,Pittsburgh,8.018689815,38
2006,1/9/2007 4:00,Purdue,1.498740915,60
2006,1/9/2007 4:00,Rice,-8.091778981,92
2006,1/9/2007 4:00,Rutgers,12.29131495,19
2006,1/9/2007 4:00,San Diego State,-11.83780085,105
2006,1/9/2007 4:00,San Jose State,-7.323448823,89
2006,1/9/2007 4:00,South Carolina,9.773924004,28
2006,1/9/2007 4:00,South Florida,5.506044631,45
2006,1/9/2007 4:00,Southern Methodist,-5.215248144,79
2006,1/9/2007 4:00,Southern Miss,3.670799783,51
2006,1/9/2007 4:00,Stanford,-8.876842362,95
2006,1/9/2007 4:00,Syracuse,-2.938455696,69
2006,1/9/2007 4:00,TCU,10.43563629,26
2006,1/9/2007 4:00,Temple,-26.8098774,119
2006,1/9/2007 4:00,Tennessee,13.65976317,15
2006,1/9/2007 4:00,Texas,20.75934934,5
2006,1/9/2007 4:00,Texas A&M,9.488029376,30
2006,1/9/2007 4:00,Texas Tech,11.07296301,22
2006,1/9/2007 4:00,Toledo,-8.583499791,94
2006,1/9/2007 4:00,Troy,-9.210968276,97
2006,1/9/2007 4:00,Tulane,-13.3019525,107
2006,1/9/2007 4:00,Tulsa,4.046880921,50
2006,1/9/2007 4:00,UAB,-8.344336287,93
2006,1/9/2007 4:00,UCF,-9.923033054,100
2006,1/9/2007 4:00,UCLA,8.346778215,36
2006,1/9/2007 4:00,UNLV,-13.24838917,106
2006,1/9/2007 4:00,USC,23.30451777,2
2006,1/9/2007 4:00,UTEP,-7.976103183,91
2006,1/9/2007 4:00,Utah,4.566145371,47
2006,1/9/2007 4:00,Utah State,-23.88945504,118
2006,1/9/2007 4:00,Vanderbilt,-0.335791063,63
2006,1/9/2007 4:00,Virginia,-0.158871695,62
2006,1/9/2007 4:00,Virginia Tech,13.32487422,17
2006,1/9/2007 4:00,Wake Forest,6.558050193,42
2006,1/9/2007 4:00,Washington,3.417332468,52
2006,1/9/2007 4:00,Washington State,5.889307997,44
2006,1/9/2007 4:00,West Virginia,17.33241222,8
2006,1/9/2007 4:00,Western Michigan,-3.09529196,71
2006,1/9/2007 4:00,Wisconsin,12.20644636,20
2006,1/9/2007 4:00,Wyoming,-4.064224874,75
2006,1/9/2007 4:00,NON-FBS TEAMS,-23.76601293,
2007,1/8/2008 4:00,Air Force,3.119854471,55
2007,1/8/2008 4:00,Akron,-12.15918683,103
2007,1/8/2008 4:00,Alabama,9.545652036,30
2007,1/8/2008 4:00,Arizona,8.414888108,37
2007,1/8/2008 4:00,Arizona State,13.33277755,16
2007,1/8/2008 4:00,Arkansas,11.27365445,22
2007,1/8/2008 4:00,Arkansas State,-10.38639921,97
2007,1/8/2008 4:00,Army,-16.29979286,114
2007,1/8/2008 4:00,Auburn,13.13375542,19
2007,1/8/2008 4:00,Ball State,-3.402991811,75
2007,1/8/2008 4:00,Baylor,-11.93557582,101
2007,1/8/2008 4:00,Boise State,12.82332677,20
2007,1/8/2008 4:00,Boston College,8.12427055,38
2007,1/8/2008 4:00,Bowling Green,-9.367882457,91
2007,1/8/2008 4:00,Brigham Young,11.0182873,24
2007,1/8/2008 4:00,Buffalo,-11.58214205,99
2007,1/8/2008 4:00,California,11.20204462,23
2007,1/8/2008 4:00,Central Michigan,-5.25637794,79
2007,1/8/2008 4:00,Cincinnati,13.52721969,15
2007,1/8/2008 4:00,Clemson,15.05123798,13
2007,1/8/2008 4:00,Colorado,3.66061806,53
2007,1/8/2008 4:00,Colorado State,-4.078534218,76
2007,1/8/2008 4:00,Connecticut,6.02537801,47
2007,1/8/2008 4:00,Duke,-9.507282525,92
2007,1/8/2008 4:00,East Carolina,-0.62269955,69
2007,1/8/2008 4:00,Eastern Michigan,-13.40085103,106
2007,1/8/2008 4:00,Florida,20.80198323,4
2007,1/8/2008 4:00,Florida Atlantic,-6.420255523,83
2007,1/8/2008 4:00,Florida International,-21.79946162,118
2007,1/8/2008 4:00,Florida State,7.368138549,42
2007,1/8/2008 4:00,Fresno State,1.058995736,62
2007,1/8/2008 4:00,Georgia,15.59504945,12
2007,1/8/2008 4:00,Georgia Tech,5.970950489,48
2007,1/8/2008 4:00,Hawaii,9.484016446,31
2007,1/8/2008 4:00,Houston,0.665660362,66
2007,1/8/2008 4:00,Idaho,-18.56947219,117
2007,1/8/2008 4:00,Illinois,7.732961175,40
2007,1/8/2008 4:00,Indiana,0.774214768,65
2007,1/8/2008 4:00,Iowa,-0.308739203,68
2007,1/8/2008 4:00,Iowa State,-8.742804246,88
2007,1/8/2008 4:00,Kansas,19.57611032,7
2007,1/8/2008 4:00,Kansas State,6.346412001,45
2007,1/8/2008 4:00,Kent State,-13.1818844,105
2007,1/8/2008 4:00,Kentucky,10.04833014,26
2007,1/8/2008 4:00,LSU,23.06842053,2
2007,1/8/2008 4:00,Louisiana Tech,-11.61247568,100
2007,1/8/2008 4:00,Louisiana-Lafayette,-16.07321321,113
2007,1/8/2008 4:00,Louisiana-Monroe,-8.742905569,89
2007,1/8/2008 4:00,Louisville,8.076209624,39
2007,1/8/2008 4:00,Marshall,-8.550036504,87
2007,1/8/2008 4:00,Maryland,4.342068556,52
2007,1/8/2008 4:00,Memphis,-9.57107799,93
2007,1/8/2008 4:00,Miami (FL),0.860414952,64
2007,1/8/2008 4:00,Miami (OH),-10.89604345,98
2007,1/8/2008 4:00,Michigan,9.15998701,33
2007,1/8/2008 4:00,Michigan State,6.708045447,43
2007,1/8/2008 4:00,Middle Tennessee,-9.268810705,90
2007,1/8/2008 4:00,Minnesota,-8.323201912,85
2007,1/8/2008 4:00,Mississippi State,2.879499838,56
2007,1/8/2008 4:00,Missouri,19.79245778,6
2007,1/8/2008 4:00,Navy,-2.891797774,73
2007,1/8/2008 4:00,Nebraska,5.778569048,50
2007,1/8/2008 4:00,Nevada,-4.474031793,77
2007,1/8/2008 4:00,New Mexico,2.301802878,59
2007,1/8/2008 4:00,New Mexico State,-14.21224718,110
2007,1/8/2008 4:00,North Carolina,-1.930109525,72
2007,1/8/2008 4:00,North Carolina State,-3.237246501,74
2007,1/8/2008 4:00,North Texas,-23.39681147,119
2007,1/8/2008 4:00,Northern Illinois,-17.1162661,116
2007,1/8/2008 4:00,Northwestern,-5.72301436,80
2007,1/8/2008 4:00,Notre Dame,-5.94432029,81
2007,1/8/2008 4:00,Ohio,-10.03388154,95
2007,1/8/2008 4:00,Ohio State,17.73828577,9
2007,1/8/2008 4:00,Oklahoma,24.25038676,1
2007,1/8/2008 4:00,Oklahoma State,10.94078034,25
2007,1/8/2008 4:00,Ole Miss,-1.668187295,70
2007,1/8/2008 4:00,Oregon,19.19444745,8
2007,1/8/2008 4:00,Oregon State,9.067230689,34
2007,1/8/2008 4:00,Penn State,13.25671852,17
2007,1/8/2008 4:00,Pittsburgh,1.046227179,63
2007,1/8/2008 4:00,Purdue,6.39455221,44
2007,1/8/2008 4:00,Rice,-13.56514524,107
2007,1/8/2008 4:00,Rutgers,9.54595581,29
2007,1/8/2008 4:00,San Diego State,-7.575780056,84
2007,1/8/2008 4:00,San Jose State,-10.04160533,96
2007,1/8/2008 4:00,South Carolina,9.917860974,27
2007,1/8/2008 4:00,South Florida,13.14601938,18
2007,1/8/2008 4:00,Southern Methodist,-13.89849626,108
2007,1/8/2008 4:00,Southern Miss,0.219135391,67
2007,1/8/2008 4:00,Stanford,-1.77484772,71
2007,1/8/2008 4:00,Syracuse,-11.94236901,102
2007,1/8/2008 4:00,TCU,6.146967851,46
2007,1/8/2008 4:00,Temple,-16.57667773,115
2007,1/8/2008 4:00,Tennessee,12.30396079,21
2007,1/8/2008 4:00,Texas,15.91867041,11
2007,1/8/2008 4:00,Texas A&M,8.478568155,36
2007,1/8/2008 4:00,Texas Tech,14.36114869,14
2007,1/8/2008 4:00,Toledo,-13.94842783,109
2007,1/8/2008 4:00,Troy,2.541009348,57
2007,1/8/2008 4:00,Tulane,-12.81523063,104
2007,1/8/2008 4:00,Tulsa,1.786478516,60
2007,1/8/2008 4:00,UAB,-15.87269504,112
2007,1/8/2008 4:00,UCF,3.597230208,54
2007,1/8/2008 4:00,UCLA,9.739479178,28
2007,1/8/2008 4:00,UNLV,-9.902239272,94
2007,1/8/2008 4:00,USC,22.06002823,3
2007,1/8/2008 4:00,UTEP,-8.4288131,86
2007,1/8/2008 4:00,Utah,9.287440743,32
2007,1/8/2008 4:00,Utah State,-14.35138216,111
2007,1/8/2008 4:00,Vanderbilt,2.467614311,58
2007,1/8/2008 4:00,Virginia,7.449608819,41
2007,1/8/2008 4:00,Virginia Tech,16.03984737,10
2007,1/8/2008 4:00,Wake Forest,5.91607335,49
2007,1/8/2008 4:00,Washington,4.923601954,51
2007,1/8/2008 4:00,Washington State,1.501195113,61
2007,1/8/2008 4:00,West Virginia,20.61706299,5
2007,1/8/2008 4:00,Western Michigan,-6.167995983,82
2007,1/8/2008 4:00,Wisconsin,8.806763387,35
2007,1/8/2008 4:00,Wyoming,-5.132668476,78
2007,1/8/2008 4:00,NON-FBS TEAMS,-22.87452264,
2008,1/9/2009 4:00,Air Force,-0.427228521,65
2008,1/9/2009 4:00,Akron,-7.161567407,88
2008,1/9/2009 4:00,Alabama,16.75724121,10
2008,1/9/2009 4:00,Arizona,14.44871226,15
2008,1/9/2009 4:00,Arizona State,4.796734641,44
2008,1/9/2009 4:00,Arkansas,-0.599961345,66
2008,1/9/2009 4:00,Arkansas State,-5.398946946,84
2008,1/9/2009 4:00,Army,-14.94851419,111
2008,1/9/2009 4:00,Auburn,3.457927309,51
2008,1/9/2009 4:00,Ball State,4.973327399,41
2008,1/9/2009 4:00,Baylor,1.619209852,55
2008,1/9/2009 4:00,Boise State,16.47526184,12
2008,1/9/2009 4:00,Boston College,5.37558649,39
2008,1/9/2009 4:00,Bowling Green,-1.924168519,71
2008,1/9/2009 4:00,Brigham Young,8.151483368,28
2008,1/9/2009 4:00,Buffalo,-3.479070655,77
2008,1/9/2009 4:00,California,13.2670197,21
2008,1/9/2009 4:00,Central Michigan,-4.636169571,81
2008,1/9/2009 4:00,Cincinnati,5.768728878,37
2008,1/9/2009 4:00,Clemson,8.90403098,26
2008,1/9/2009 4:00,Colorado,-2.418519179,72
2008,1/9/2009 4:00,Colorado State,-6.877302208,87
2008,1/9/2009 4:00,Connecticut,6.049172511,35
2008,1/9/2009 4:00,Duke,-3.091728735,75
2008,1/9/2009 4:00,East Carolina,0.75251221,59
2008,1/9/2009 4:00,Eastern Michigan,-14.21468659,109
2008,1/9/2009 4:00,Florida,31.73804722,1
2008,1/9/2009 4:00,Florida Atlantic,-8.12210982,93
2008,1/9/2009 4:00,Florida International,-9.964416579,100
2008,1/9/2009 4:00,Florida State,13.37461336,19
2008,1/9/2009 4:00,Fresno State,-3.707673881,79
2008,1/9/2009 4:00,Georgia,13.78382562,16
2008,1/9/2009 4:00,Georgia Tech,3.67314321,50
2008,1/9/2009 4:00,Hawaii,-7.788126417,92
2008,1/9/2009 4:00,Houston,2.80962983,54
2008,1/9/2009 4:00,Idaho,-23.91455312,119
2008,1/9/2009 4:00,Illinois,5.270914824,40
2008,1/9/2009 4:00,Indiana,-10.51366275,102
2008,1/9/2009 4:00,Iowa,13.77769589,17
2008,1/9/2009 4:00,Iowa State,-7.199016163,89
2008,1/9/2009 4:00,Kansas,10.81446081,22
2008,1/9/2009 4:00,Kansas State,-0.179922426,64
2008,1/9/2009 4:00,Kent State,-11.66641827,104
2008,1/9/2009 4:00,Kentucky,1.2809941,57
2008,1/9/2009 4:00,LSU,9.983372802,23
2008,1/9/2009 4:00,Louisiana Tech,-7.51221209,90
2008,1/9/2009 4:00,Louisiana-Lafayette,-8.227169639,94
2008,1/9/2009 4:00,Louisiana-Monroe,-14.85923851,110
2008,1/9/2009 4:00,Louisville,-3.89118852,80
2008,1/9/2009 4:00,Marshall,-8.248206388,95
2008,1/9/2009 4:00,Maryland,0.933995823,58
2008,1/9/2009 4:00,Memphis,-5.892152292,85
2008,1/9/2009 4:00,Miami (FL),5.877675461,36
2008,1/9/2009 4:00,Miami (OH),-15.14991767,112
2008,1/9/2009 4:00,Michigan,-1.784413915,70
2008,1/9/2009 4:00,Michigan State,7.100590406,34
2008,1/9/2009 4:00,Middle Tennessee,-9.018584727,96
2008,1/9/2009 4:00,Minnesota,-1.72264601,68
2008,1/9/2009 4:00,Mississippi State,-5.008045385,83
2008,1/9/2009 4:00,Missouri,17.7363243,7
2008,1/9/2009 4:00,Navy,-0.172371867,63
2008,1/9/2009 4:00,Nebraska,8.22017143,27
2008,1/9/2009 4:00,Nevada,0.158758507,62
2008,1/9/2009 4:00,New Mexico,-2.598290738,73
2008,1/9/2009 4:00,New Mexico State,-17.1458951,113
2008,1/9/2009 4:00,North Carolina,7.749583971,31
2008,1/9/2009 4:00,North Carolina State,-0.978721095,67
2008,1/9/2009 4:00,North Texas,-27.69620819,120
2008,1/9/2009 4:00,Northern Illinois,-1.729711699,69
2008,1/9/2009 4:00,Northwestern,4.033436207,48
2008,1/9/2009 4:00,Notre Dame,4.440339484,46
2008,1/9/2009 4:00,Ohio,-9.335218497,97
2008,1/9/2009 4:00,Ohio State,19.33312073,6
2008,1/9/2009 4:00,Oklahoma,28.56999492,3
2008,1/9/2009 4:00,Oklahoma State,14.66586098,14
2008,1/9/2009 4:00,Ole Miss,13.32431076,20
2008,1/9/2009 4:00,Oregon,17.32746445,8
2008,1/9/2009 4:00,Oregon State,13.6825909,18
2008,1/9/2009 4:00,Penn State,24.89296395,5
2008,1/9/2009 4:00,Pittsburgh,8.127305612,29
2008,1/9/2009 4:00,Purdue,2.83051415,53
2008,1/9/2009 4:00,Rice,0.254679827,60
2008,1/9/2009 4:00,Rutgers,7.693319699,32
2008,1/9/2009 4:00,San Diego State,-17.24164154,115
2008,1/9/2009 4:00,San Jose State,-9.679758309,99
2008,1/9/2009 4:00,South Carolina,4.852160382,43
2008,1/9/2009 4:00,South Florida,9.004182139,25
2008,1/9/2009 4:00,Southern Methodist,-17.58987467,116
2008,1/9/2009 4:00,Southern Miss,1.298506422,56
2008,1/9/2009 4:00,Stanford,5.39236429,38
2008,1/9/2009 4:00,Syracuse,-10.05579832,101
2008,1/9/2009 4:00,TCU,17.24852503,9
2008,1/9/2009 4:00,Temple,-3.673386917,78
2008,1/9/2009 4:00,Tennessee,4.480482439,45
2008,1/9/2009 4:00,Texas,25.73699498,4
2008,1/9/2009 4:00,Texas A&M,-4.779876575,82
2008,1/9/2009 4:00,Texas Tech,16.50827067,11
2008,1/9/2009 4:00,Toledo,-11.68767832,105
2008,1/9/2009 4:00,Troy,4.895463799,42
2008,1/9/2009 4:00,Tulane,-17.95022868,117
2008,1/9/2009 4:00,Tulsa,8.022118592,30
2008,1/9/2009 4:00,UAB,-10.54673181,103
2008,1/9/2009 4:00,UCF,-9.441848645,98
2008,1/9/2009 4:00,UCLA,-3.17081485,76
2008,1/9/2009 4:00,UNLV,-7.685725794,91
2008,1/9/2009 4:00,USC,30.2813594,2
2008,1/9/2009 4:00,UTEP,-6.298923247,86
2008,1/9/2009 4:00,Utah,15.11352131,13
2008,1/9/2009 4:00,Utah State,-12.07624051,107
2008,1/9/2009 4:00,Vanderbilt,2.892695614,52
2008,1/9/2009 4:00,Virginia,0.225161096,61
2008,1/9/2009 4:00,Virginia Tech,7.176366056,33
2008,1/9/2009 4:00,Wake Forest,4.247891655,47
2008,1/9/2009 4:00,Washington,-11.77609787,106
2008,1/9/2009 4:00,Washington State,-20.11991844,118
2008,1/9/2009 4:00,West Virginia,9.374989127,24
2008,1/9/2009 4:00,Western Kentucky,-17.23402434,114
2008,1/9/2009 4:00,Western Michigan,-2.854327314,74
2008,1/9/2009 4:00,Wisconsin,3.89147592,49
2008,1/9/2009 4:00,Wyoming,-12.87188362,108
2008,1/9/2009 4:00,NON-FBS TEAMS,-24.17950594,
2009,1/8/2010 4:00,Air Force,7.401761905,37
2009,1/8/2010 4:00,Akron,-12.78418412,107
2009,1/8/2010 4:00,Alabama,23.3203732,3
2009,1/8/2010 4:00,Arizona,8.793668394,33
2009,1/8/2010 4:00,Arizona State,3.817503028,55
2009,1/8/2010 4:00,Arkansas,13.36687349,17
2009,1/8/2010 4:00,Arkansas State,-6.168267041,90
2009,1/8/2010 4:00,Army,-14.4161976,109
2009,1/8/2010 4:00,Auburn,9.88150353,28
2009,1/8/2010 4:00,Ball State,-14.58049735,110
2009,1/8/2010 4:00,Baylor,0.867079184,64
2009,1/8/2010 4:00,Boise State,16.15965253,11
2009,1/8/2010 4:00,Boston College,6.508992425,45
2009,1/8/2010 4:00,Bowling Green,-5.123834734,85
2009,1/8/2010 4:00,Brigham Young,10.09193895,26
2009,1/8/2010 4:00,Buffalo,-6.038202406,89
2009,1/8/2010 4:00,California,9.187465455,31
2009,1/8/2010 4:00,Central Michigan,7.297745444,38
2009,1/8/2010 4:00,Cincinnati,13.48510319,15
2009,1/8/2010 4:00,Clemson,12.63144247,21
2009,1/8/2010 4:00,Colorado,-1.852200595,76
2009,1/8/2010 4:00,Colorado State,-10.14211684,98
2009,1/8/2010 4:00,Connecticut,9.02039571,32
2009,1/8/2010 4:00,Duke,-3.356186438,80
2009,1/8/2010 4:00,East Carolina,3.246185189,58
2009,1/8/2010 4:00,Eastern Michigan,-21.63763446,119
2009,1/8/2010 4:00,Florida,27.99854245,1
2009,1/8/2010 4:00,Florida Atlantic,-10.56372878,99
2009,1/8/2010 4:00,Florida International,-14.34777058,108
2009,1/8/2010 4:00,Florida State,7.868055607,35
2009,1/8/2010 4:00,Fresno State,0.091837773,67
2009,1/8/2010 4:00,Georgia,10.47902883,24
2009,1/8/2010 4:00,Georgia Tech,12.71977777,20
2009,1/8/2010 4:00,Hawaii,-11.54373679,105
2009,1/8/2010 4:00,Houston,6.96211999,40
2009,1/8/2010 4:00,Idaho,-10.86095023,101
2009,1/8/2010 4:00,Illinois,-0.038831145,68
2009,1/8/2010 4:00,Indiana,-4.737643643,83
2009,1/8/2010 4:00,Iowa,10.33220193,25
2009,1/8/2010 4:00,Iowa State,-1.078487946,73
2009,1/8/2010 4:00,Kansas,6.722496045,43
2009,1/8/2010 4:00,Kansas State,0.263981299,66
2009,1/8/2010 4:00,Kent State,-10.68119339,100
2009,1/8/2010 4:00,Kentucky,5.65979373,49
2009,1/8/2010 4:00,LSU,14.9002591,12
2009,1/8/2010 4:00,Louisiana Tech,-1.217612354,74
2009,1/8/2010 4:00,Louisiana-Lafayette,-11.69445154,106
2009,1/8/2010 4:00,Louisiana-Monroe,-7.908615812,93
2009,1/8/2010 4:00,Louisville,-4.359515992,82
2009,1/8/2010 4:00,Marshall,-5.550196396,87
2009,1/8/2010 4:00,Maryland,-5.59289817,88
2009,1/8/2010 4:00,Memphis,-10.98974695,102
2009,1/8/2010 4:00,Miami (FL),12.78331954,19
2009,1/8/2010 4:00,Miami (OH),-18.13573884,114
2009,1/8/2010 4:00,Michigan,2.785023865,59
2009,1/8/2010 4:00,Michigan State,6.726305059,42
2009,1/8/2010 4:00,Middle Tennessee,-0.082234552,69
2009,1/8/2010 4:00,Minnesota,2.479950285,60
2009,1/8/2010 4:00,Mississippi State,4.761511912,52
2009,1/8/2010 4:00,Missouri,6.688929695,44
2009,1/8/2010 4:00,Navy,3.445647269,56
2009,1/8/2010 4:00,Nebraska,16.26034454,10
2009,1/8/2010 4:00,Nevada,2.329498197,61
2009,1/8/2010 4:00,New Mexico,-17.30665896,112
2009,1/8/2010 4:00,New Mexico State,-24.38775541,120
2009,1/8/2010 4:00,North Carolina,7.553945196,36
2009,1/8/2010 4:00,North Carolina State,0.936539215,63
2009,1/8/2010 4:00,North Texas,-16.30794547,111
2009,1/8/2010 4:00,Northern Illinois,-2.32258173,78
2009,1/8/2010 4:00,Northwestern,0.533078865,65
2009,1/8/2010 4:00,Notre Dame,9.327312796,30
2009,1/8/2010 4:00,Ohio,-4.104979011,81
2009,1/8/2010 4:00,Ohio State,18.10923456,7
2009,1/8/2010 4:00,Oklahoma,22.28470109,4
2009,1/8/2010 4:00,Oklahoma State,9.821000086,29
2009,1/8/2010 4:00,Ole Miss,12.95695957,18
2009,1/8/2010 4:00,Oregon,16.39070432,9
2009,1/8/2010 4:00,Oregon State,9.909496338,27
2009,1/8/2010 4:00,Penn State,16.6807733,8
2009,1/8/2010 4:00,Pittsburgh,13.46307207,16
2009,1/8/2010 4:00,Purdue,1.218137612,62
2009,1/8/2010 4:00,Rice,-21.10445187,118
2009,1/8/2010 4:00,Rutgers,5.965598066,48
2009,1/8/2010 4:00,San Diego State,-11.28245961,103
2009,1/8/2010 4:00,San Jose State,-18.58708889,115
2009,1/8/2010 4:00,South Carolina,6.310907951,46
2009,1/8/2010 4:00,South Florida,5.503769938,50
2009,1/8/2010 4:00,Southern Methodist,-4.845572324,84
2009,1/8/2010 4:00,Southern Miss,4.31362603,53
2009,1/8/2010 4:00,Stanford,12.00330175,22
2009,1/8/2010 4:00,Syracuse,-5.280932777,86
2009,1/8/2010 4:00,TCU,20.1185372,5
2009,1/8/2010 4:00,Temple,-2.709378548,79
2009,1/8/2010 4:00,Tennessee,11.37100122,23
2009,1/8/2010 4:00,Texas,26.29434023,2
2009,1/8/2010 4:00,Texas A&M,4.165999985,54
2009,1/8/2010 4:00,Texas Tech,14.2376715,13
2009,1/8/2010 4:00,Toledo,-11.34258629,104
2009,1/8/2010 4:00,Troy,-0.13037635,70
2009,1/8/2010 4:00,Tulane,-20.93690387,117
2009,1/8/2010 4:00,Tulsa,-1.495457766,75
2009,1/8/2010 4:00,UAB,-6.467569143,91
2009,1/8/2010 4:00,UCF,-0.466597659,71
2009,1/8/2010 4:00,UCLA,6.026985058,47
2009,1/8/2010 4:00,UNLV,-8.747517274,95
2009,1/8/2010 4:00,USC,14.17429744,14
2009,1/8/2010 4:00,UTEP,-7.338434144,92
2009,1/8/2010 4:00,Utah,6.793844323,41
2009,1/8/2010 4:00,Utah State,-8.107376315,94
2009,1/8/2010 4:00,Vanderbilt,-1.899938811,77
2009,1/8/2010 4:00,Virginia,-0.605144567,72
2009,1/8/2010 4:00,Virginia Tech,19.91795192,6
2009,1/8/2010 4:00,Wake Forest,3.440895873,57
2009,1/8/2010 4:00,Washington,5.007739747,51
2009,1/8/2010 4:00,Washington State,-17.89916407,113
2009,1/8/2010 4:00,West Virginia,7.085653444,39
2009,1/8/2010 4:00,Western Kentucky,-20.86917746,116
2009,1/8/2010 4:00,Western Michigan,-9.528863258,96
2009,1/8/2010 4:00,Wisconsin,8.77857946,34
2009,1/8/2010 4:00,Wyoming,-10.04788588,97
2009,1/8/2010 4:00,NON-FBS TEAMS,-24.04997435,
2010,1/11/2011 4:00,Air Force,6.961097683,42
2010,1/11/2011 4:00,Akron,-22.46816882,118
2010,1/11/2011 4:00,Alabama,26.06407496,3
2010,1/11/2011 4:00,Arizona,10.93761655,28
2010,1/11/2011 4:00,Arizona State,10.31807646,31
2010,1/11/2011 4:00,Arkansas,19.25648862,9
2010,1/11/2011 4:00,Arkansas State,-7.420564118,91
2010,1/11/2011 4:00,Army,-4.446389311,79
2010,1/11/2011 4:00,Auburn,21.92817876,7
2010,1/11/2011 4:00,Ball State,-14.55070283,105
2010,1/11/2011 4:00,Baylor,3.309790023,58
2010,1/11/2011 4:00,Boise State,26.46815615,2
2010,1/11/2011 4:00,Boston College,2.341557351,61
2010,1/11/2011 4:00,Bowling Green,-15.79553225,110
2010,1/11/2011 4:00,Brigham Young,4.889779061,49
2010,1/11/2011 4:00,Buffalo,-18.35915832,115
2010,1/11/2011 4:00,California,8.514798003,37
2010,1/11/2011 4:00,Central Michigan,-7.663520253,93
2010,1/11/2011 4:00,Cincinnati,0.802703239,64
2010,1/11/2011 4:00,Clemson,10.96945616,27
2010,1/11/2011 4:00,Colorado,0.285332833,67
2010,1/11/2011 4:00,Colorado State,-14.59887296,107
2010,1/11/2011 4:00,Connecticut,5.468345323,48
2010,1/11/2011 4:00,Duke,-5.224838057,82
2010,1/11/2011 4:00,East Carolina,-4.885876657,80
2010,1/11/2011 4:00,Eastern Michigan,-23.00700836,119
2010,1/11/2011 4:00,Florida,14.67970693,18
2010,1/11/2011 4:00,Florida Atlantic,-17.50544323,113
2010,1/11/2011 4:00,Florida International,-6.540768748,86
2010,1/11/2011 4:00,Florida State,16.79736955,13
2010,1/11/2011 4:00,Fresno State,-2.793545014,75
2010,1/11/2011 4:00,Georgia,14.33193717,19
2010,1/11/2011 4:00,Georgia Tech,4.626578046,50
2010,1/11/2011 4:00,Hawaii,6.018671394,45
2010,1/11/2011 4:00,Houston,2.781951398,59
2010,1/11/2011 4:00,Idaho,-6.323643419,85
2010,1/11/2011 4:00,Illinois,8.605216778,36
2010,1/11/2011 4:00,Indiana,-5.709157573,84
2010,1/11/2011 4:00,Iowa,13.02573221,21
2010,1/11/2011 4:00,Iowa State,-2.698549008,73
2010,1/11/2011 4:00,Kansas,-12.13749184,104
2010,1/11/2011 4:00,Kansas State,3.860188432,57
2010,1/11/2011 4:00,Kent State,-8.954219186,96
2010,1/11/2011 4:00,Kentucky,4.47535045,52
2010,1/11/2011 4:00,LSU,16.39538426,14
2010,1/11/2011 4:00,Louisiana Tech,-6.989159509,89
2010,1/11/2011 4:00,Louisiana-Lafayette,-17.17157656,112
2010,1/11/2011 4:00,Louisiana-Monroe,-15.11782596,108
2010,1/11/2011 4:00,Louisville,4.113919245,55
2010,1/11/2011 4:00,Marshall,-10.45978565,100
2010,1/11/2011 4:00,Maryland,8.810177743,34
2010,1/11/2011 4:00,Memphis,-22.1809873,116
2010,1/11/2011 4:00,Miami (FL),11.31186758,26
2010,1/11/2011 4:00,Miami (OH),-6.890874722,88
2010,1/11/2011 4:00,Michigan,2.357600372,60
2010,1/11/2011 4:00,Michigan State,8.370417329,38
2010,1/11/2011 4:00,Middle Tennessee,-9.803243561,99
2010,1/11/2011 4:00,Minnesota,-3.565714179,78
2010,1/11/2011 4:00,Mississippi State,12.95355717,22
2010,1/11/2011 4:00,Missouri,15.92497081,15
2010,1/11/2011 4:00,Navy,1.786922129,62
2010,1/11/2011 4:00,Nebraska,14.85658247,17
2010,1/11/2011 4:00,Nevada,10.13742145,32
2010,1/11/2011 4:00,New Mexico,-22.27497565,117
2010,1/11/2011 4:00,New Mexico State,-23.93253096,120
2010,1/11/2011 4:00,North Carolina,8.157425398,39
2010,1/11/2011 4:00,North Carolina State,12.7725982,23
2010,1/11/2011 4:00,North Texas,-11.87500533,103
2010,1/11/2011 4:00,Northern Illinois,7.011877684,40
2010,1/11/2011 4:00,Northwestern,-1.925158302,71
2010,1/11/2011 4:00,Notre Dame,10.6769157,29
2010,1/11/2011 4:00,Ohio,-5.078556963,81
2010,1/11/2011 4:00,Ohio State,24.83641533,5
2010,1/11/2011 4:00,Oklahoma,20.98016752,8
2010,1/11/2011 4:00,Oklahoma State,17.99025712,11
2010,1/11/2011 4:00,Ole Miss,0.40525117,66
2010,1/11/2011 4:00,Oregon,27.91855636,1
2010,1/11/2011 4:00,Oregon State,8.7843538,35
2010,1/11/2011 4:00,Penn State,5.901928574,47
2010,1/11/2011 4:00,Pittsburgh,9.597284918,33
2010,1/11/2011 4:00,Purdue,-6.638516879,87
2010,1/11/2011 4:00,Rice,-10.9175018,101
2010,1/11/2011 4:00,Rutgers,-2.910339151,76
2010,1/11/2011 4:00,San Diego State,5.940710438,46
2010,1/11/2011 4:00,San Jose State,-17.66976755,114
2010,1/11/2011 4:00,South Carolina,15.36633852,16
2010,1/11/2011 4:00,South Florida,3.947883756,56
2010,1/11/2011 4:00,Southern Methodist,-2.333388614,72
2010,1/11/2011 4:00,Southern Miss,1.15365663,63
2010,1/11/2011 4:00,Stanford,23.67494098,6
2010,1/11/2011 4:00,Syracuse,-0.281679852,68
2010,1/11/2011 4:00,TCU,25.18249014,4
2010,1/11/2011 4:00,Temple,-1.750050933,69
2010,1/11/2011 4:00,Tennessee,6.183308852,44
2010,1/11/2011 4:00,Texas,6.521312702,43
2010,1/11/2011 4:00,Texas A&M,13.33287999,20
2010,1/11/2011 4:00,Texas Tech,4.548528433,51
2010,1/11/2011 4:00,Toledo,-6.994620217,90
2010,1/11/2011 4:00,Troy,-3.523426053,77
2010,1/11/2011 4:00,Tulane,-16.61231717,111
2010,1/11/2011 4:00,Tulsa,4.316650221,54
2010,1/11/2011 4:00,UAB,-9.285888924,97
2010,1/11/2011 4:00,UCF,6.9655389,41
2010,1/11/2011 4:00,UCLA,0.791551851,65
2010,1/11/2011 4:00,UNLV,-15.51046275,109
2010,1/11/2011 4:00,USC,11.31408477,25
2010,1/11/2011 4:00,UTEP,-8.944918712,95
2010,1/11/2011 4:00,Utah,10.6403833,30
2010,1/11/2011 4:00,Utah State,-11.41230097,102
2010,1/11/2011 4:00,Vanderbilt,-7.523381257,92
2010,1/11/2011 4:00,Virginia,-2.717131581,74
2010,1/11/2011 4:00,Virginia Tech,17.11319737,12
2010,1/11/2011 4:00,Wake Forest,-5.578402759,83
2010,1/11/2011 4:00,Washington,4.374082599,53
2010,1/11/2011 4:00,Washington State,-8.638432515,94
2010,1/11/2011 4:00,West Virginia,12.00062767,24
2010,1/11/2011 4:00,Western Kentucky,-14.55935429,106
2010,1/11/2011 4:00,Western Michigan,-1.888797196,70
2010,1/11/2011 4:00,Wisconsin,18.43256852,10
2010,1/11/2011 4:00,Wyoming,-9.311714012,98
2010,1/11/2011 4:00,NON-FBS TEAMS,-23.53110388,
2011,1/10/2012 4:00,Air Force,1.881290768,59
2011,1/10/2012 4:00,Akron,-25.50361001,119
2011,1/10/2012 4:00,Alabama,28.91108791,2
2011,1/10/2012 4:00,Arizona,3.038058034,52
2011,1/10/2012 4:00,Arizona State,10.43079842,26
2011,1/10/2012 4:00,Arkansas,16.68731457,12
2011,1/10/2012 4:00,Arkansas State,-0.270264866,70
2011,1/10/2012 4:00,Army,-6.662413293,88
2011,1/10/2012 4:00,Auburn,3.009384316,53
2011,1/10/2012 4:00,Ball State,-10.09886798,103
2011,1/10/2012 4:00,Baylor,10.5932645,24
2011,1/10/2012 4:00,Boise State,22.0489348,8
2011,1/10/2012 4:00,Boston College,-1.15100097,75
2011,1/10/2012 4:00,Bowling Green,-8.207656698,98
2011,1/10/2012 4:00,Brigham Young,7.076989369,37
2011,1/10/2012 4:00,Buffalo,-14.56306568,111
2011,1/10/2012 4:00,California,9.475961265,31
2011,1/10/2012 4:00,Central Michigan,-13.39142656,107
2011,1/10/2012 4:00,Cincinnati,9.964857553,27
2011,1/10/2012 4:00,Clemson,7.306215965,35
2011,1/10/2012 4:00,Colorado,-6.5738937,87
2011,1/10/2012 4:00,Colorado State,-14.28473802,110
2011,1/10/2012 4:00,Connecticut,-1.06746505,74
2011,1/10/2012 4:00,Duke,-6.33680246,85
2011,1/10/2012 4:00,East Carolina,-7.491814571,94
2011,1/10/2012 4:00,Eastern Michigan,-12.63970354,105
2011,1/10/2012 4:00,Florida,9.505309974,29
2011,1/10/2012 4:00,Florida Atlantic,-22.63457163,118
2011,1/10/2012 4:00,Florida International,-4.588854886,82
2011,1/10/2012 4:00,Florida State,15.68505691,14
2011,1/10/2012 4:00,Fresno State,-7.797872221,95
2011,1/10/2012 4:00,Georgia,15.11403386,16
2011,1/10/2012 4:00,Georgia Tech,5.274032239,44
2011,1/10/2012 4:00,Hawaii,-4.254543386,81
2011,1/10/2012 4:00,Houston,15.70810432,13
2011,1/10/2012 4:00,Idaho,-15.31274843,112
2011,1/10/2012 4:00,Illinois,4.632805054,48
2011,1/10/2012 4:00,Indiana,-13.03856672,106
2011,1/10/2012 4:00,Iowa,4.771653061,47
2011,1/10/2012 4:00,Iowa State,-1.516575051,76
2011,1/10/2012 4:00,Kansas,-10.0686013,102
2011,1/10/2012 4:00,Kansas State,8.743361515,34
2011,1/10/2012 4:00,Kent State,-9.235468452,100
2011,1/10/2012 4:00,Kentucky,-3.619074022,80
2011,1/10/2012 4:00,LSU,29.21249623,1
2011,1/10/2012 4:00,Louisiana Tech,2.337028616,55
2011,1/10/2012 4:00,Louisiana-Lafayette,-6.848557155,91
2011,1/10/2012 4:00,Louisiana-Monroe,-6.676675466,89
2011,1/10/2012 4:00,Louisville,0.613825701,65
2011,1/10/2012 4:00,Marshall,-7.059996108,92
2011,1/10/2012 4:00,Maryland,-5.505641573,83
2011,1/10/2012 4:00,Memphis,-22.59848229,117
2011,1/10/2012 4:00,Miami (FL),8.823628745,33
2011,1/10/2012 4:00,Miami (OH),-5.842786974,84
2011,1/10/2012 4:00,Michigan,17.63537486,9
2011,1/10/2012 4:00,Michigan State,13.85872253,19
2011,1/10/2012 4:00,Middle Tennessee,-19.92244414,115
2011,1/10/2012 4:00,Minnesota,-8.064529561,97
2011,1/10/2012 4:00,Mississippi State,9.96317098,28
2011,1/10/2012 4:00,Missouri,14.96712488,17
2011,1/10/2012 4:00,Navy,-0.20479257,69
2011,1/10/2012 4:00,Nebraska,10.64593744,23
2011,1/10/2012 4:00,Nevada,3.124156479,51
2011,1/10/2012 4:00,New Mexico,-26.01446463,120
2011,1/10/2012 4:00,New Mexico State,-15.64212484,113
2011,1/10/2012 4:00,North Carolina,5.02734335,45
2011,1/10/2012 4:00,North Carolina State,1.329043827,62
2011,1/10/2012 4:00,North Texas,-11.75504913,104
2011,1/10/2012 4:00,Northern Illinois,0.2231011,68
2011,1/10/2012 4:00,Northwestern,1.845998767,60
2011,1/10/2012 4:00,Notre Dame,15.3166876,15
2011,1/10/2012 4:00,Ohio,-2.313868735,77
2011,1/10/2012 4:00,Ohio State,8.882733485,32
2011,1/10/2012 4:00,Oklahoma,23.04654443,6
2011,1/10/2012 4:00,Oklahoma State,26.42494667,3
2011,1/10/2012 4:00,Ole Miss,-6.504657766,86
2011,1/10/2012 4:00,Oregon,25.73621467,4
2011,1/10/2012 4:00,Oregon State,0.597110403,66
2011,1/10/2012 4:00,Penn State,6.763484171,39
2011,1/10/2012 4:00,Pittsburgh,2.31314315,56
2011,1/10/2012 4:00,Purdue,-0.518911125,71
2011,1/10/2012 4:00,Rice,-9.29223044,101
2011,1/10/2012 4:00,Rutgers,6.174961984,42
2011,1/10/2012 4:00,San Diego State,-0.693033229,72
2011,1/10/2012 4:00,San Jose State,-7.310728432,93
2011,1/10/2012 4:00,South Carolina,13.55061847,20
2011,1/10/2012 4:00,South Florida,6.270629257,40
2011,1/10/2012 4:00,Southern Methodist,1.653355628,61
2011,1/10/2012 4:00,Southern Miss,9.502354482,30
2011,1/10/2012 4:00,Stanford,24.25384883,5
2011,1/10/2012 4:00,Syracuse,-3.190044827,79
2011,1/10/2012 4:00,TCU,14.29475284,18
2011,1/10/2012 4:00,Temple,4.909719646,46
2011,1/10/2012 4:00,Tennessee,4.156602495,49
2011,1/10/2012 4:00,Texas,11.8893681,21
2011,1/10/2012 4:00,Texas A&M,16.99493284,11
2011,1/10/2012 4:00,Texas Tech,2.236618942,57
2011,1/10/2012 4:00,Toledo,6.269923392,41
2011,1/10/2012 4:00,Troy,-13.58047591,108
2011,1/10/2012 4:00,Tulane,-19.2252603,114
2011,1/10/2012 4:00,Tulsa,7.094606415,36
2011,1/10/2012 4:00,UAB,-13.85368592,109
2011,1/10/2012 4:00,UCF,3.858212287,50
2011,1/10/2012 4:00,UCLA,2.161731518,58
2011,1/10/2012 4:00,UNLV,-19.93943325,116
2011,1/10/2012 4:00,USC,17.27214233,10
2011,1/10/2012 4:00,UTEP,-8.603142188,99
2011,1/10/2012 4:00,Utah,5.822281354,43
2011,1/10/2012 4:00,Utah State,-3.106616477,78
2011,1/10/2012 4:00,Vanderbilt,6.954545621,38
2011,1/10/2012 4:00,Virginia,-0.781584531,73
2011,1/10/2012 4:00,Virginia Tech,10.74437108,22
2011,1/10/2012 4:00,Wake Forest,0.438746818,67
2011,1/10/2012 4:00,Washington,2.599566084,54
2011,1/10/2012 4:00,Washington State,0.715421986,64
2011,1/10/2012 4:00,West Virginia,10.55868544,25
2011,1/10/2012 4:00,Western Kentucky,-8.061344972,96
2011,1/10/2012 4:00,Western Michigan,0.77046213,63
2011,1/10/2012 4:00,Wisconsin,22.75209087,7
2011,1/10/2012 4:00,Wyoming,-6.763246717,90
2011,1/10/2012 4:00,NON-FBS TEAMS,-23.78248964,
2012,1/8/2013 4:00,Air Force,-9.847765041,101
2012,1/8/2013 4:00,Akron,-14.95873311,114
2012,1/8/2013 4:00,Alabama,30.31163842,1
2012,1/8/2013 4:00,Arizona,6.597948574,45
2012,1/8/2013 4:00,Arizona State,12.13227125,23
2012,1/8/2013 4:00,Arkansas,1.669969682,60
2012,1/8/2013 4:00,Arkansas State,3.828230248,58
2012,1/8/2013 4:00,Army,-13.17576597,111
2012,1/8/2013 4:00,Auburn,-0.036015462,66
2012,1/8/2013 4:00,Ball State,-1.352642588,69
2012,1/8/2013 4:00,Baylor,13.28194293,20
2012,1/8/2013 4:00,Boise State,8.446887904,36
2012,1/8/2013 4:00,Boston College,-3.184445699,81
2012,1/8/2013 4:00,Bowling Green,-2.013833211,73
2012,1/8/2013 4:00,Brigham Young,9.881174351,30
2012,1/8/2013 4:00,Buffalo,-10.13020333,102
2012,1/8/2013 4:00,California,0.26716569,64
2012,1/8/2013 4:00,Central Michigan,-10.26222385,103
2012,1/8/2013 4:00,Cincinnati,9.822676468,31
2012,1/8/2013 4:00,Clemson,17.20557922,14
2012,1/8/2013 4:00,Colorado,-20.10090902,121
2012,1/8/2013 4:00,Colorado State,-15.69122579,115
2012,1/8/2013 4:00,Connecticut,-1.860973755,72
2012,1/8/2013 4:00,Duke,-1.253075772,68
2012,1/8/2013 4:00,East Carolina,-4.311875628,84
2012,1/8/2013 4:00,Eastern Michigan,-17.6283723,119
2012,1/8/2013 4:00,Florida,17.89639296,11
2012,1/8/2013 4:00,Florida Atlantic,-14.01299637,112
2012,1/8/2013 4:00,Florida International,-8.196942791,96
2012,1/8/2013 4:00,Florida State,24.10978657,3
2012,1/8/2013 4:00,Fresno State,5.447421555,55
2012,1/8/2013 4:00,Georgia,21.45950706,7
2012,1/8/2013 4:00,Georgia Tech,7.885318044,40
2012,1/8/2013 4:00,Hawaii,-17.35227947,117
2012,1/8/2013 4:00,Houston,-4.704124973,85
2012,1/8/2013 4:00,Idaho,-24.98420598,123
2012,1/8/2013 4:00,Illinois,-8.351444331,97
2012,1/8/2013 4:00,Indiana,-5.151512734,87
2012,1/8/2013 4:00,Iowa,-0.456739784,67
2012,1/8/2013 4:00,Iowa State,5.880127477,51
2012,1/8/2013 4:00,Kansas,-7.88577502,93
2012,1/8/2013 4:00,Kansas State,20.4537928,8
2012,1/8/2013 4:00,Kent State,0.392600735,63
2012,1/8/2013 4:00,Kentucky,-5.482597889,88
2012,1/8/2013 4:00,LSU,18.18957033,10
2012,1/8/2013 4:00,Louisiana Tech,6.020492848,49
2012,1/8/2013 4:00,Louisiana-Lafayette,1.350749868,62
2012,1/8/2013 4:00,Louisiana-Monroe,-2.353640554,77
2012,1/8/2013 4:00,Louisville,5.921431067,50
2012,1/8/2013 4:00,Marshall,-6.744451894,92
2012,1/8/2013 4:00,Maryland,-3.462948962,82
2012,1/8/2013 4:00,Massachusetts,-26.85141601,124
2012,1/8/2013 4:00,Memphis,-12.21857627,105
2012,1/8/2013 4:00,Miami (FL),5.78638733,53
2012,1/8/2013 4:00,Miami (OH),-12.33011272,107
2012,1/8/2013 4:00,Michigan,15.27089726,16
2012,1/8/2013 4:00,Michigan State,8.174080576,37
2012,1/8/2013 4:00,Middle Tennessee,-9.035559202,98
2012,1/8/2013 4:00,Minnesota,-2.131976587,76
2012,1/8/2013 4:00,Mississippi State,7.724725653,42
2012,1/8/2013 4:00,Missouri,7.763117011,41
2012,1/8/2013 4:00,Navy,-4.236501604,83
2012,1/8/2013 4:00,Nebraska,12.65196652,21
2012,1/8/2013 4:00,Nevada,-2.121641746,75
2012,1/8/2013 4:00,New Mexico,-12.48171216,108
2012,1/8/2013 4:00,New Mexico State,-24.15853903,122
2012,1/8/2013 4:00,North Carolina,10.7381468,27
2012,1/8/2013 4:00,North Carolina State,3.280705928,59
2012,1/8/2013 4:00,North Texas,-9.04900811,99
2012,1/8/2013 4:00,Northern Illinois,7.948131345,39
2012,1/8/2013 4:00,Northwestern,7.972290738,38
2012,1/8/2013 4:00,Notre Dame,20.29360095,9
2012,1/8/2013 4:00,Ohio,-2.063462115,74
2012,1/8/2013 4:00,Ohio State,16.00675609,15
2012,1/8/2013 4:00,Oklahoma,21.78005354,6
2012,1/8/2013 4:00,Oklahoma State,22.11450622,5
2012,1/8/2013 4:00,Ole Miss,9.786556288,32
2012,1/8/2013 4:00,Oregon,24.56371185,2
2012,1/8/2013 4:00,Oregon State,14.30053399,19
2012,1/8/2013 4:00,Penn State,9.772152344,33
2012,1/8/2013 4:00,Pittsburgh,6.097438131,48
2012,1/8/2013 4:00,Purdue,-0.00563526,65
2012,1/8/2013 4:00,Rice,-5.083208729,86
2012,1/8/2013 4:00,Rutgers,5.677638685,54
2012,1/8/2013 4:00,San Diego State,1.509037949,61
2012,1/8/2013 4:00,San Jose State,4.660733232,56
2012,1/8/2013 4:00,South Alabama,-19.20630068,120
2012,1/8/2013 4:00,South Carolina,17.84050913,12
2012,1/8/2013 4:00,South Florida,-1.378283003,70
2012,1/8/2013 4:00,Southern Methodist,-1.421135061,71
2012,1/8/2013 4:00,Southern Miss,-14.63351883,113
2012,1/8/2013 4:00,Stanford,17.45218888,13
2012,1/8/2013 4:00,Syracuse,6.202002661,46
2012,1/8/2013 4:00,TCU,11.39349901,25
2012,1/8/2013 4:00,Temple,-5.633556412,89
2012,1/8/2013 4:00,Tennessee,8.973033533,34
2012,1/8/2013 4:00,Texas,15.19264467,17
2012,1/8/2013 4:00,Texas A&M,22.2075972,4
2012,1/8/2013 4:00,Texas State,-12.27674802,106
2012,1/8/2013 4:00,Texas Tech,10.32475331,28
2012,1/8/2013 4:00,Toledo,-2.932408419,78
2012,1/8/2013 4:00,Troy,-5.67353642,90
2012,1/8/2013 4:00,Tulane,-17.38230121,118
2012,1/8/2013 4:00,Tulsa,6.103914738,47
2012,1/8/2013 4:00,UAB,-12.72461644,110
2012,1/8/2013 4:00,UCF,9.886043756,29
2012,1/8/2013 4:00,UCLA,10.93589046,26
2012,1/8/2013 4:00,UNLV,-15.75830779,116
2012,1/8/2013 4:00,USC,14.64044315,18
2012,1/8/2013 4:00,UTEP,-9.0757469,100
2012,1/8/2013 4:00,UTSA,-12.48935583,109
2012,1/8/2013 4:00,Utah,5.850345477,52
2012,1/8/2013 4:00,Utah State,8.673395502,35
2012,1/8/2013 4:00,Vanderbilt,11.80576331,24
2012,1/8/2013 4:00,Virginia,-3.0419337,79
2012,1/8/2013 4:00,Virginia Tech,6.712037226,44
2012,1/8/2013 4:00,Wake Forest,-7.904789948,94
2012,1/8/2013 4:00,Washington,4.499315212,57
2012,1/8/2013 4:00,Washington State,-8.088338421,95
2012,1/8/2013 4:00,West Virginia,6.722006114,43
2012,1/8/2013 4:00,Western Kentucky,-3.087289453,80
2012,1/8/2013 4:00,Western Michigan,-6.373571015,91
2012,1/8/2013 4:00,Wisconsin,12.31513981,22
2012,1/8/2013 4:00,Wyoming,-11.70134934,104
2012,1/8/2013 4:00,NON-FBS TEAMS,-23.5365693,
2013,1/7/2014 4:00,Air Force,-16.08215216,114
2013,1/7/2014 4:00,Akron,-12.98111501,110
2013,1/7/2014 4:00,Alabama,28.40239259,2
2013,1/7/2014 4:00,Arizona,12.75692175,28
2013,1/7/2014 4:00,Arizona State,21.68059485,8
2013,1/7/2014 4:00,Arkansas,-1.47958945,71
2013,1/7/2014 4:00,Arkansas State,-3.536766898,79
2013,1/7/2014 4:00,Army,-13.49215813,111
2013,1/7/2014 4:00,Auburn,20.37593612,10
2013,1/7/2014 4:00,Ball State,0.602037342,64
2013,1/7/2014 4:00,Baylor,25.23577823,4
2013,1/7/2014 4:00,Boise State,8.698713411,40
2013,1/7/2014 4:00,Boston College,1.634225182,63
2013,1/7/2014 4:00,Bowling Green,8.649718564,41
2013,1/7/2014 4:00,Brigham Young,12.80001912,27
2013,1/7/2014 4:00,Buffalo,-2.79994556,76
2013,1/7/2014 4:00,California,-8.877393577,100
2013,1/7/2014 4:00,Central Michigan,-14.09107921,113
2013,1/7/2014 4:00,Cincinnati,5.249003263,53
2013,1/7/2014 4:00,Clemson,19.35802123,13
2013,1/7/2014 4:00,Colorado,-6.179065152,92
2013,1/7/2014 4:00,Colorado State,-0.675726342,69
2013,1/7/2014 4:00,Connecticut,-9.763718498,102
2013,1/7/2014 4:00,Duke,7.85440117,45
2013,1/7/2014 4:00,East Carolina,7.089760275,50
2013,1/7/2014 4:00,Eastern Michigan,-25.58987608,123
2013,1/7/2014 4:00,Florida,8.620597595,42
2013,1/7/2014 4:00,Florida Atlantic,-2.255681607,74
2013,1/7/2014 4:00,Florida International,-27.22505095,126
2013,1/7/2014 4:00,Florida State,32.56761478,1
2013,1/7/2014 4:00,Fresno State,7.383656033,47
2013,1/7/2014 4:00,Georgia,18.11173442,16
2013,1/7/2014 4:00,Georgia State,-22.99286027,119
2013,1/7/2014 4:00,Georgia Tech,13.93330795,24
2013,1/7/2014 4:00,Hawaii,-9.447487614,101
2013,1/7/2014 4:00,Houston,7.561831677,46
2013,1/7/2014 4:00,Idaho,-26.39595371,125
2013,1/7/2014 4:00,Illinois,-4.016185601,82
2013,1/7/2014 4:00,Indiana,4.935073932,55
2013,1/7/2014 4:00,Iowa,7.297537668,49
2013,1/7/2014 4:00,Iowa State,-4.38614694,84
2013,1/7/2014 4:00,Kansas,-10.8758688,106
2013,1/7/2014 4:00,Kansas State,12.07010686,30
2013,1/7/2014 4:00,Kent State,-10.47279616,105
2013,1/7/2014 4:00,Kentucky,-3.628027188,80
2013,1/7/2014 4:00,LSU,18.5029314,15
2013,1/7/2014 4:00,Louisiana Tech,-17.53242288,116
2013,1/7/2014 4:00,Louisiana-Lafayette,-0.746730905,70
2013,1/7/2014 4:00,Louisiana-Monroe,-8.511382985,99
2013,1/7/2014 4:00,Louisville,15.56369858,21
2013,1/7/2014 4:00,Marshall,8.063388645,44
2013,1/7/2014 4:00,Maryland,0.405224887,66
2013,1/7/2014 4:00,Massachusetts,-24.72567982,121
2013,1/7/2014 4:00,Memphis,-7.024715206,95
2013,1/7/2014 4:00,Miami (FL),12.06434913,31
2013,1/7/2014 4:00,Miami (OH),-26.3107576,124
2013,1/7/2014 4:00,Michigan,10.28645992,35
2013,1/7/2014 4:00,Michigan State,16.15596923,20
2013,1/7/2014 4:00,Middle Tennessee,-3.432644588,78
2013,1/7/2014 4:00,Minnesota,3.368897607,61
2013,1/7/2014 4:00,Mississippi State,11.99614721,32
2013,1/7/2014 4:00,Missouri,20.96612881,9
2013,1/7/2014 4:00,Navy,3.825300222,59
2013,1/7/2014 4:00,Nebraska,8.296611099,43
2013,1/7/2014 4:00,Nevada,-6.556896963,94
2013,1/7/2014 4:00,New Mexico,-12.76740237,109
2013,1/7/2014 4:00,New Mexico State,-24.79586939,122
2013,1/7/2014 4:00,North Carolina,11.95719354,33
2013,1/7/2014 4:00,North Carolina State,-6.324999518,93
2013,1/7/2014 4:00,North Texas,4.150922496,57
2013,1/7/2014 4:00,Northern Illinois,3.464773256,60
2013,1/7/2014 4:00,Northwestern,2.572859955,62
2013,1/7/2014 4:00,Notre Dame,13.33302696,26
2013,1/7/2014 4:00,Ohio,-7.045903542,96
2013,1/7/2014 4:00,Ohio State,21.72960331,6
2013,1/7/2014 4:00,Oklahoma,17.67328718,17
2013,1/7/2014 4:00,Oklahoma State,21.71645441,7
2013,1/7/2014 4:00,Old Dominion,-6.140513083,91
2013,1/7/2014 4:00,Ole Miss,13.93522291,23
2013,1/7/2014 4:00,Oregon,26.7631136,3
2013,1/7/2014 4:00,Oregon State,12.41851302,29
2013,1/7/2014 4:00,Penn State,4.459523447,56
2013,1/7/2014 4:00,Pittsburgh,5.953149883,52
2013,1/7/2014 4:00,Purdue,-13.82715278,112
2013,1/7/2014 4:00,Rice,0.591778602,65
2013,1/7/2014 4:00,Rutgers,-3.200354551,77
2013,1/7/2014 4:00,San Diego State,-4.630506329,86
2013,1/7/2014 4:00,San Jose State,-4.246603218,83
2013,1/7/2014 4:00,South Alabama,-4.406710112,85
2013,1/7/2014 4:00,South Carolina,19.99684923,11
2013,1/7/2014 4:00,South Florida,-12.36330143,108
2013,1/7/2014 4:00,Southern Methodist,-5.197768925,88
2013,1/7/2014 4:00,Southern Miss,-23.67716016,120
2013,1/7/2014 4:00,Stanford,23.51775054,5
2013,1/7/2014 4:00,Syracuse,-0.02391027,67
2013,1/7/2014 4:00,TCU,7.367811303,48
2013,1/7/2014 4:00,Temple,-7.103288674,97
2013,1/7/2014 4:00,Tennessee,5.224936521,54
2013,1/7/2014 4:00,Texas,13.51145983,25
2013,1/7/2014 4:00,Texas A&M,17.47613282,18
2013,1/7/2014 4:00,Texas State,-12.07345686,107
2013,1/7/2014 4:00,Texas Tech,9.334101936,39
2013,1/7/2014 4:00,Toledo,-0.196087856,68
2013,1/7/2014 4:00,Troy,-7.133049881,98
2013,1/7/2014 4:00,Tulane,-5.240195301,89
2013,1/7/2014 4:00,Tulsa,-10.08047271,103
2013,1/7/2014 4:00,UAB,-16.56298679,115
2013,1/7/2014 4:00,UCF,10.52179183,34
2013,1/7/2014 4:00,UCLA,19.21486427,14
2013,1/7/2014 4:00,UNLV,-5.6875213,90
2013,1/7/2014 4:00,USC,15.18636236,22
2013,1/7/2014 4:00,UTEP,-20.9382813,118
2013,1/7/2014 4:00,UTSA,-3.746503759,81
2013,1/7/2014 4:00,Utah,9.555136909,36
2013,1/7/2014 4:00,Utah State,9.545803411,37
2013,1/7/2014 4:00,Vanderbilt,6.592059278,51
2013,1/7/2014 4:00,Virginia,-4.7478793,87
2013,1/7/2014 4:00,Virginia Tech,9.475280898,38
2013,1/7/2014 4:00,Wake Forest,-1.97998738,72
2013,1/7/2014 4:00,Washington,19.83731177,12
2013,1/7/2014 4:00,Washington State,4.081542459,58
2013,1/7/2014 4:00,West Virginia,-2.243218946,73
2013,1/7/2014 4:00,Western Kentucky,-2.471595548,75
2013,1/7/2014 4:00,Western Michigan,-19.44031531,117
2013,1/7/2014 4:00,Wisconsin,17.20705214,19
2013,1/7/2014 4:00,Wyoming,-10.41121626,104
2013,1/7/2014 4:00,NON-FBS TEAMS,-23.90852835,
2014,10/24/2014 4:00,Air Force,-5.392170069,86
2014,10/24/2014 4:00,Akron,-6.432036123,91
2014,10/24/2014 4:00,Alabama,26.96300595,2
2014,10/24/2014 4:00,Appalachian State,-12.11959104,108
2014,10/24/2014 4:00,Arizona,14.38136615,23
2014,10/24/2014 4:00,Arizona State,14.25582943,24
2014,10/24/2014 4:00,Arkansas,15.50540341,20
2014,10/24/2014 4:00,Arkansas State,-3.287089959,79
2014,10/24/2014 4:00,Army,-14.52366499,118
2014,10/24/2014 4:00,Auburn,27.09254931,1
2014,10/24/2014 4:00,Ball State,-10.90199056,103
2014,10/24/2014 4:00,Baylor,19.81314599,10
2014,10/24/2014 4:00,Boise State,6.048865408,47
2014,10/24/2014 4:00,Boston College,4.30225185,56
2014,10/24/2014 4:00,Bowling Green,-8.089148013,95
2014,10/24/2014 4:00,Brigham Young,9.581130557,33
2014,10/24/2014 4:00,Buffalo,-13.52027718,115
2014,10/24/2014 4:00,California,3.52278284,57
2014,10/24/2014 4:00,Central Michigan,-8.008703603,93
2014,10/24/2014 4:00,Cincinnati,2.407103209,61
2014,10/24/2014 4:00,Clemson,17.31544899,17
2014,10/24/2014 4:00,Colorado,-2.298539751,76
2014,10/24/2014 4:00,Colorado State,2.341696408,62
2014,10/24/2014 4:00,Connecticut,-11.17150661,105
2014,10/24/2014 4:00,Duke,9.020893598,38
2014,10/24/2014 4:00,East Carolina,5.437405508,51
2014,10/24/2014 4:00,Eastern Michigan,-23.12469518,127
2014,10/24/2014 4:00,Florida,12.39263155,27
2014,10/24/2014 4:00,Florida Atlantic,-11.69748726,107
2014,10/24/2014 4:00,Florida International,-10.31749178,102
2014,10/24/2014 4:00,Florida State,23.37627387,6
2014,10/24/2014 4:00,Fresno State,-5.215016352,85
2014,10/24/2014 4:00,Georgia,24.20468484,4
2014,10/24/2014 4:00,Georgia Southern,-1.077708774,72
2014,10/24/2014 4:00,Georgia State,-21.28192299,124
2014,10/24/2014 4:00,Georgia Tech,6.054525647,46
2014,10/24/2014 4:00,Hawaii,-8.689974228,98
2014,10/24/2014 4:00,Houston,7.382973911,44
2014,10/24/2014 4:00,Idaho,-19.34881797,123
2014,10/24/2014 4:00,Illinois,-6.081046557,89
2014,10/24/2014 4:00,Indiana,-1.299100716,74
2014,10/24/2014 4:00,Iowa,3.151095703,58
2014,10/24/2014 4:00,Iowa State,-2.382350928,77
2014,10/24/2014 4:00,Kansas,-8.447845085,96
2014,10/24/2014 4:00,Kansas State,14.06767244,25
2014,10/24/2014 4:00,Kent State,-15.36620297,120
2014,10/24/2014 4:00,Kentucky,5.607244668,49
2014,10/24/2014 4:00,LSU,19.71422248,11
2014,10/24/2014 4:00,Louisiana Tech,-0.575584323,70
2014,10/24/2014 4:00,Louisiana-Lafayette,-3.960148021,81
2014,10/24/2014 4:00,Louisiana-Monroe,-14.26742945,117
2014,10/24/2014 4:00,Louisville,9.217328046,37
2014,10/24/2014 4:00,Marshall,14.46870998,21
2014,10/24/2014 4:00,Maryland,8.674718656,39
2014,10/24/2014 4:00,Massachusetts,-14.57527639,119
2014,10/24/2014 4:00,Memphis,9.263577376,36
2014,10/24/2014 4:00,Miami (FL),11.7342713,30
2014,10/24/2014 4:00,Miami (OH),-15.89156206,121
2014,10/24/2014 4:00,Michigan,6.044187631,48
2014,10/24/2014 4:00,Michigan State,17.56053321,16
2014,10/24/2014 4:00,Middle Tennessee,-2.114518062,75
2014,10/24/2014 4:00,Minnesota,4.329428505,55
2014,10/24/2014 4:00,Mississippi State,23.41311988,5
2014,10/24/2014 4:00,Missouri,9.32543524,35
2014,10/24/2014 4:00,Navy,0.14000414,69
2014,10/24/2014 4:00,Nebraska,14.38612661,22
2014,10/24/2014 4:00,Nevada,2.843462049,60
2014,10/24/2014 4:00,New Mexico,-13.01026243,110
2014,10/24/2014 4:00,New Mexico State,-23.29302135,128
2014,10/24/2014 4:00,North Carolina,4.727877348,52
2014,10/24/2014 4:00,North Carolina State,1.638857292,63
2014,10/24/2014 4:00,North Texas,-11.10698023,104
2014,10/24/2014 4:00,Northern Illinois,-1.289789008,73
2014,10/24/2014 4:00,Northwestern,1.078204951,67
2014,10/24/2014 4:00,Notre Dame,17.88188998,15
2014,10/24/2014 4:00,Ohio,-13.05530447,111
2014,10/24/2014 4:00,Ohio State,23.19015761,8
2014,10/24/2014 4:00,Oklahoma,22.27314914,9
2014,10/24/2014 4:00,Oklahoma State,8.375540026,40
2014,10/24/2014 4:00,Old Dominion,-10.14852632,101
2014,10/24/2014 4:00,Ole Miss,25.548565,3
2014,10/24/2014 4:00,Oregon,23.23148859,7
2014,10/24/2014 4:00,Oregon State,5.60315926,50
2014,10/24/2014 4:00,Penn State,4.724714545,53
2014,10/24/2014 4:00,Pittsburgh,7.893321723,41
2014,10/24/2014 4:00,Purdue,-4.576198234,82
2014,10/24/2014 4:00,Rice,-3.302172956,80
2014,10/24/2014 4:00,Rutgers,1.372376115,65
2014,10/24/2014 4:00,San Diego State,-4.815695575,83
2014,10/24/2014 4:00,San Jose State,-6.513851719,92
2014,10/24/2014 4:00,South Alabama,-6.180364122,90
2014,10/24/2014 4:00,South Carolina,11.15520452,31
2014,10/24/2014 4:00,South Florida,-8.697983561,99
2014,10/24/2014 4:00,Southern Methodist,-21.52447352,125
2014,10/24/2014 4:00,Southern Miss,-13.37361507,112
2014,10/24/2014 4:00,Stanford,16.25484596,19
2014,10/24/2014 4:00,Syracuse,1.216133232,66
2014,10/24/2014 4:00,TCU,19.43061131,12
2014,10/24/2014 4:00,Temple,1.488788462,64
2014,10/24/2014 4:00,Tennessee,9.34379525,34
2014,10/24/2014 4:00,Texas,7.602144094,43
2014,10/24/2014 4:00,Texas A&M,16.89645468,18
2014,10/24/2014 4:00,Texas State,-9.625441817,100
2014,10/24/2014 4:00,Texas Tech,0.286216847,68
2014,10/24/2014 4:00,Toledo,-2.577349014,78
2014,10/24/2014 4:00,Troy,-22.37039162,126
2014,10/24/2014 4:00,Tulane,-11.6904479,106
2014,10/24/2014 4:00,Tulsa,-13.49155337,114
2014,10/24/2014 4:00,UAB,-5.472421021,87
2014,10/24/2014 4:00,UCF,3.002337181,59
2014,10/24/2014 4:00,UCLA,19.0113847,14
2014,10/24/2014 4:00,UNLV,-16.43806856,122
2014,10/24/2014 4:00,USC,19.27905321,13
2014,10/24/2014 4:00,UTEP,-13.75620127,116
2014,10/24/2014 4:00,UTSA,-5.866472569,88
2014,10/24/2014 4:00,Utah,13.96966369,26
2014,10/24/2014 4:00,Utah State,-1.002797166,71
2014,10/24/2014 4:00,Vanderbilt,-8.595152237,97
2014,10/24/2014 4:00,Virginia,7.72014012,42
2014,10/24/2014 4:00,Virginia Tech,6.471421885,45
2014,10/24/2014 4:00,Wake Forest,-12.45742578,109
2014,10/24/2014 4:00,Washington,9.774190021,32
2014,10/24/2014 4:00,Washington State,4.449255395,54
2014,10/24/2014 4:00,West Virginia,12.05529869,29
2014,10/24/2014 4:00,Western Kentucky,-4.837234657,84
2014,10/24/2014 4:00,Western Michigan,-8.039432106,94
2014,10/24/2014 4:00,Wisconsin,12.3879761,28
2014,10/24/2014 4:00,Wyoming,-13.38839527,113
2014,10/24/2014 4:00,NON-FBS TEAMS,-25.11114043,
